s,33.6726067,131.5887035
Îs厚藯,33.5838417,131.2482213
L㍂cs,33.5888674,131.4362457
Îsnk哇,33.4170247,131.1250365
Fs@R,33.4189568,131.3153562
nzs厚{,33.4203335,131.593695
s厚Cc,34.3721705,132.5360861
csO{,33.3205913,130.9328098
S쒬厚,33.290293,131.1678047
Rzsz@,33.2494775,131.3560996
啪sl,33.2375507,131.6192692
啪s厚֎c,33.249873,131.892559
csOÍ]쎚EXM,33.2096665,130.9178944
Pns厚zKk,33.137316,131.7979546
Lsc,33.0602736,131.6336105
|cs厚X,32.9749342,131.3836629
s,32.959827,131.9000563
sFڑ厚d,32.8005978,131.6710049
s]]Y,32.8003746,131.9345294
Dysk2,43.0615836,141.335358
ck̊ی,35.6919267,139.7505761
Ésa,35.1687615,136.9653305
sO,34.6855401,135.5198933
s半,33.5865429,130.3720047
